{
  "test_r2": 0.9581608494475915,
  "test_mae": 1.958606669186385,
  "test_rmse": 2.8511176433952206
}